text,sentiment
"['info', 'gandeng', 'prof', 'rebut', 'suara', 'amp', '', 'jatim', 'gimana', 'bang', 'tanggapannya']",netral
"['politisi', 'pemilu', 'mainannya', 'partai', 'politik', 'kang', 'eep', 'saefullah', 'fatah', 'medio', 'september', '', 'anies', 'nyungsep', '', 'pilpres', '', 'tags', 'rempang', 'bromo', 'ngekos', '', '']",negatif
"['narasinarasi', 'janji', 'dikonsultasikan', 'bumerang', 'bahan', 'serangan', 'calon', 'analisa', 'janji', 'tsb', 'realistis']",netral
"['maaf', 'cak', 'setuju', 'berjalan', 'dananya', 'nggak', 'penggunaannya', 'anggaran', 'pendidikan', 'kesehatan', 'gratis', 'rakyat', 'amanat', 'uud']",positif
"['aniescak', 'imin', 'ganjar', 'muncul', '', 'video', 'azan', '', 'ganjarpranowo', 'aniesbaswedan', 'cakimin', 'mahfud']",netral
"['', 'faktanya', 'masyarkat', 'akar', 'rumput', 'butuh', 'janji', '', 'mudah', 'dipahami', 'sperti', 'itukalau', 'nga', 'jualan', 'kaya', 'gituakar', 'rumput', 'milih', 'kakunanti', 'ketinggal']",netral
"['dumdum', '', '', 'org', '', 'republik', 'iniklo', '', 'hancurrrrr', 'republik', 'krn', 'ngomongnya']",netral
"['', 'biaya', 'murah', 'biar', 'nggak', 'hadir', 'lengang']",netral
"['', 'cocok', 'nian', 'kangen', 'pingin', '', 'plg']",netral
"['jelaspasangan', 'anis', 'gus', 'muhaimin', 'kader', 'pergerakanbukan', 'anak', 'mami', 'penyokong', 'oligarki']",netral
"['', 'sumsel', 'palembang', 'raganya', 'sehat', 'jiwa']",netral
"['refleksi', 'rempang', 'batam', 'anies', 'baswedan', 'pro', 'poor', 'growth', 'membangun', 'menggusur', '', '', 'prophet', 'muhammad', 'adzan', 'maroko', 'senin', 'chris', 'evans', 'rempang', 'naufal', 'pisah', 'kylie', 'vietnam', 'mundur', 'alba', 'baptista', 'bernie', 'morocco', 'ahnhyoseop', 'tanyakosan']",negatif
"['pnk', '', 'normalisasi', 'becus', 'reformasi', 'penegakan', 'hukum', 'kelebihan', 'bayar', 'mulu']",netral
"['cak', 'imin', 'cawapres', 'anies', 'baswedan', '', 'nothing', 'suara', '', '', 'jatim', 'lari', '', 'prabowo', 'anies', 'unggul', '', 'dki']",netral
"['', 'pastikan', 'menang', 'dlu', 'insya', 'allah', 'perubahan', '', 'barakallah', 'anies', 'baswedan']",netral
"['sekedar', 'masukan', 'mendukung', 'dki', 'tolong', 'obral', 'janji', 'bentuk', 'materiuang', 'kurangi', 'bicara', 'ambil', 'porsi', 'capres', 'focus', 'soliditas', 'bergerak', 'akar', 'rumput', '', 'pkb', '']",netral
"['', 'gak', 'capres', 'bikin', 'program', 'tur', '', 'eropa', 'amrik', 'gratis', '', 'uang', 'saku', '', '', 'jthari', 'kalo', '', 'pilih', '', 'capres', 'colek']",positif
"['', 'sumsel', 'palembang', 'emg', 'sehat', 'skrng', 'sampe', 'pemilu', 'ntar', 'kalah', 'sakitnya', '']",netral
"['anies', 'baswedan', 'muhaimin', 'iskandar', 'pemimpin', 'otentik', 'anak', 'mami', 'orang', 'lahir', 'pergolakan', 'anti', 'orde', 'berproses', 'realitas', 'buruh', 'masyarakat', 'miskin', 'petani', 'aniesbaswedan', 'muhaiminiskandar', 'aniesmuhaimin', 'pemimpinotentik']",negatif
"['', 'janji', 'beliau', 'harlah', 'pkb', 'kmrin', 'blum', 'menjalin', 'koalisi', 'dgn', 'anies']",netral
"['', 'iya', 'sesuai', 'pernyataannya', 'gila']",netral
"['pemilu', 'pengangkatan', 'calon', 'presiden', 'wakil', 'presiden', 'transaksional', 'keputusan', '', 'mengkampanyekan', 'politik', 'nontransaksional', '', 'mengedepankan', 'idealisme', 'visi', 'coba', 'mas', 'anies', 'fokusin', 'dalem', '', 'kampanye', '', 'first', 'voter']",netral
"['', 'muhaimin', 'upaya', 'penggembosan', 'anies']",netral
"['', 'sumsel', 'palembang', 'gak', 'ikutan', 'tren', 'kali', 'aja', 'nongol', '', 'adzan', 'metro', '']",netral
"['', 'hukum', 'mati', 'koruptor', 'bubarkan', 'partai', 'buruh']",netral
"['gpng', 'marm', '', '', 'memikirkan', 'anggotanya', '', 'parlemen', '', 'pemilihnya', 'keebanyakan', 'milih', 'anisdan', '', '', '', 'dimana', 'sby', 'dominan', '', 'perhitungkan']",netral
"['lampion', 'id', 'bacapres', 'gak', 'setuju']",netral
"['', 'sumsel', 'palembang', 'postingan', 'capres', 'ngga', 'mutu', 'blassss', 'ngga', 'ide', 'bisanya', 'diajak', 'disuruh']",netral
"['', 'ide', 'bagus', 'nih']",netral
"['', 'sumsel', 'palembang', 'badan', 'sehattapi', 'giliran', 'otaknya', 'konslet']",netral
"['', 'masya', 'alloh', 'miiiinnn', 'cak', 'kimiiin', '', 'hitungan', 'bergaul', 'wanaibon', '', 'halu', '', 'haduuh', 'program', 'ngarang', '', 'rakyat', 'indonesia', 'rakyat', 'yaman', 'hidup', 'sengsara', '', 'dijanjikan', 'nyoblos']",netral
"['', 'omongan', '', 'sesuai', 'kenyataan', 'gandeng', '', 'imin', 'jualan', '', 'agama', 'emang', 'politik', 'identitans', '', 'anis']",netral
"['', 'pkb', 'semogah', 'harapan', 'perubahan', 'perbaikan', '', '', '', '', '', '', '', 'menang', 'pemilu', 'aamiin']",netral
"['', 'duk', '', 'membanggkan', 'pendidikan', 'istinya', 'ganjar', '', 'bandingkan', '', 'istri', 'anies', 'baswedan', 'larinya', '', 'kondisi', 'ekonomi', 'mertua', 'ganjar', '', 'pondok', 'pesantren', '', 'masalahkan', 'kondisi', 'ekonominya']",netral
"['', 'pemimpin', '', 'cintai', 'rakyatnya', 'ikhlasan', 'anies', 'mencintai', 'rakyatnya', 'rakyat', 'alllohu', 'akbar', 'semoga', 'alloh', 'permudah', 'anies', 'presiden']",netral
"['', 'sumsel', 'palembang', '', 'tergantung', 'kalo', 'kebijakan', '', 'merugikan', 'koalisi', '', 'dirubah', 'namanya', 'aja', 'perubahan', 'berubah', 'ubah', 'sesuai', 'kepentingan']",netral
"['', 'bagus', '', 'ikuti', 'calon', 'presiden', 'berwudhunya', 'gak', 'wudhu']",netral
"['head', '', 'head', 'survei', 'polling', 'institute', 'prabowo', 'menang', 'telak', '', '', 'anies', '', 'jakarta', '', 'head', '', 'head', 'simulasi', 'nama', 'kandidat', 'calon', 'presiden', 'menteri', 'pertahanan', 'prabowo', 'subianto', 'melawan', 'gubernur', 'dki', 'jakarta', 'anies', 'baswedan', 'diungkap', 'polling', 'institute']",netral
"['nggak', 'hadir', '', 'selesai', 'debat', 'nggak', 'greget', 'turun', 'survey', 'nya', 'smp', 'gonta', 'ganti', 'cawapres', '', 'agus', '', 'cak', 'imin', 'asmara', 'idha', 'official']",netral
"['emang', 'adlah', 'takdirnya', 'utk', 'menyelematkan', 'indonesia', 'chotimah']",netral
"['', '', 'habib', 'bersuara', 'omelin', 'bib', 'omelin']",netral
"['waras', 'politik', 'idenntitas', '', 'lhoh']",netral
"['', 'sejarah', 'yaman', '', 'terbalik']",netral
"['', 'poirot', 'dasarnya', 'pendukung', 'sebelah', 'pola', 'pikirnya', 'sempit', 'ajakan', 'memilih', 'ganjar', 'disana']",netral
"['bahlil', 'menerangkan', 'ketiga', 'calon', 'presiden', 'masuk', 'bursa', 'capres', '', 'menteri', 'pertahanan', 'prabowo', 'subianto', 'gubernur', 'jawa', 'ganjar', 'pranowo', 'mantan', 'gubernur', 'dki', 'anies', 'baswedan']",netral
"['', 'trnyata', 'klo', '', '', 'dlm', 'koalisi', 'duga', 'merusak', 'keharmonisan', 'koalisimasuknya', 'pkb', 'bargaining', 'position', '', '', 'jatuh', 'aja', 'ngamuknya', 'brutal', 'bgnigmna', 'klo', 'anis', 'dikunci', 'pdbs', 'byk', 'akrobat', 'politik', '', '', '', 'merugikan']",negatif
"['ngga', 'keren', '', 'muka', 'anies', 'baswedan', 'hati', 'tulus', 'melancarkan', 'ekonomi', 'rakyatnya', 'anies', 'sukses', 'emang', 'sesukses', 'aminsukses', 'aniessukses']",netral
"['', '', 'sakjane', 'matursuwun', 'nang', 'lord', '', 'pks', 'sejalan']",netral
"['', 'sumsel', 'palembang', 'ajak', 'susi', 'gabung', 'team', 'pemenangan']",netral
"['', 'sumsel', 'palembang', 'wowoooo']",netral
"['anies', 'baswedan', 'masingmasing', 'persentase', '', '', 'simulasi', 'head', '', 'head', 'prabowo', 'unggul', '', 'dibandingkan', 'ganjar', 'memperoleh']",netral
"['tolak', 'cawapres', 'anies', 'baswedan', 'mahfud', '', 'pilih', 'terima', 'pinangan', 'ganjar', 'pranowo']",netral
"['membahas', 'perihal', 'kebijakan', 'hilirisasi', 'presiden', 'joko', 'widodo', 'jokowi', 'dibandingkan', 'capres', 'mantan', 'gubernur', 'jawa', 'ganjar', 'pranowo', 'mantan', 'gubernur', 'dki', 'jakarta', 'anies', 'baswedan']",netral
"['ketua', 'pkb', 'muhaimin', 'iskandar', 'cak', 'imin', 'mengakui', 'capres', 'koalisi', 'perubahan', 'persatuan', 'kpp', 'anies', 'baswedan', 'dikenal', 'kiai', 'masyarakat', '', 'jawa', 'timur', '', 'cakimin', 'anies', 'pemilukcm']",netral
"['', 'sumsel', 'palembang', 'krn', 'capresku', 'aniesgus', 'imin']",netral
"['ohello', 'id', 'muncul', '', 'adzan', 'televisi', 'sbg', 'model']",netral
"['', 'sila', '', '', '', 'kenyataan']",netral
"['rakyat', 'rempang', 'menderita', 'bangsa', 'melayu', 'berduka', 'hamper', 'rakyat', 'menderita', 'era', 'jokowi', 'mengutamakan', 'pembangunan', 'berbasis', 'kapitalis', 'ortodok', 'kbanews', 'didu']",netral
"['', 'sumsel', 'palembang', 'pilih', 'capres', 'maling', 'mahoni', 'maling', 'kelebihan', 'bayar', '', 'jerman', 'dikbud', 'dki', 'nipu', '', 'nol', 'persen', 'pilih', 'capres', 'maling', '', 'iman', '', 'mantan', 'menteri', 'mantan', 'gubernur', 'gak', 'jaminan']",netral
"['', 'berani', 'negur', 'cak', 'imin', 'gus', 'imin', 'ketum', 'pkb', 'basis', '', '', '', 'anis', '', 'dikendalikan', 'gus', 'imin']",netral
"['', 'mknya', 'seandainya', 'rakyat', 'indo', 'pilih', 'anies', 'kalo', 'situng', 'perolehan', 'suara', 'dicurangin', '', '', 'pemenangnya', 'pkb', 'persiapan', 'kelen', 'utk', 'antisipasi', 'kecurangan', 'udh']",netral
"['', 'surya', 'paloh', 'muhaimin', 'orangnya', 'jokowiterus', 'harapkan', 'koalisi', 'perubahan', 'pesuruh', 'partai']",netral
"['jsp', 'yya', 'iyaa', 'laaaaah', 'mbuuulet', 'muter', 'qaiyak', 'tong', 'syaitona', 'muuuuuuuter', 'mulu', '', 'jeblos', 'sumur', 'resapan', 'bareng', 'syaitona', 'dwah']",netral
"['', '', '', 'suara', 'hilang', '', 'ribu', 'suara', 'masuk', 'wkwkwk', 'rakyat', 'mengikuti', 'penghianat']",netral
"['', 'biarkan', 'rakyat', 'menilai', 'ingkarberhianat', 'pilgub', 'dki', '', '', 'dukung']",netral
"['', 'move', '', 'move', '', 'selamat', 'gerbong', 'demokrat', 'versi', 'moeldoko']",netral
"['', 'account', 'blm', 'diganti', 'seputaranies']",netral
"['', 'sumsel', 'palembang', 'ngibul', '', '', '', 'pemimpin']",netral
"['crab', 'males', '', 'kalo', 'tag', 'ginian']",netral
"['dumdum', 'wkwkwkwk', 'berhasil', 'mengancam', 'hengkang', 'tanggal', '', '', 'paham', 'malasbaca']",netral
"['', 'suryo', 'paloh', 'jago', 'anies', 'baswedan', 'menang']",netral
"['', '', 'tanye', 'ame', 'loe', 'konsep', 'perubahan', '', '', 'tawarkan', 'kedepanya', 'belia', 'terpilih', 'wapres']",netral
"['', 'ala', 'tai', 'kucing', '', 'coba', 'klu', '', 'lakuin', 'klu', 'eng', 'congor', '', 'triak', 'politik', 'indititas', 'bangsat', '']",netral
"['', 'sumsel', 'palembang', 'akun', 'pki', 'jaman', 'now']",netral
"['', 'hahaha', 'nih', 'bacapres', 'andalanmu', 'ekooo', 'ntol', '']",positif
"['surya', 'paloh', 'pilih', 'gus', 'imin', 'cawapres', 'anies', 'baswedan', 'musni', 'umar', 'sosiolog', '', 'deklarasi', 'pasangan', 'anies', 'baswedan', 'muhaimin', 'iskandar', 'calon', 'presiden', 'wakil', 'presiden', '', 'pilpres', '', 'koalisi', 'perubahan', 'persatuan']",netral
"['crab', 'lawan', 'sendal', 'jepit', 'tahan', 'jepit', 'tahan', 'jepit', 'tahan']",netral
"['', 'sumsel', 'palembang', 'emang', 'ente', '', 'senam', 'milih', 'ente', 'wankalo', 'dapet', 'kaos', 'ane', '', 'wan']",netral
"['lhaaaaaa', 'sadar', 'tokoh', 'terbaik', 'kbul', 'mengkbul', '', 'kemana', 'aja', 'mas', 'sby', 'susilobambangyudhoyono', 'partaidemokrat', 'aniesbaswedan', 'aniesisthebeast', 'aniesgabenerpembohong', 'aniesgabisakerja', 'aniesbapakpolitikidentitas', 'aniesprankahy', 'ahy', 'aniespengkhianat']",netral
"['', 'donk', '', 'imin', 'mjd', 'bacawapresnya', 'tdk', 'realistis']",netral
"['pks', 'pkb', 'minyak', 'air', 'insyaallah', 'sebentar', 'kopi', 'gula', 'menyatu', 'kopi', 'nikmat', 'kemenangan', 'umat']",netral
"['sena', '', 'wajar', 'yaa', 'bacapres', '', 'pandangannya', 'ikn', 'bikin', 'ayam', 'geprek', '', 'ikn', '', 'pertanyaaan', 'favorit', '', 'forum', 'smp', '', 'mending', 'anies', 'belajar', '', 'substantif', '', 'suka', 'ikn', '', '', 'jngn', 'pake', 'baper']",netral
"['', 'dibicarakan', '']",netral
"['kesetiaan', 'pks', 'berbuah', 'manis', '', '', 'pks', 'koalisi', 'aniesbaswedan', 'pilpres', 'pemilu', 'pinterpolitik', 'politikindonesia', 'beritapolitik', 'beritapolitikterkini', 'beritapolitikterbaru']",netral
"['senam', 'sehat', 'pks', 'sumsel', 'anies', 'visi', 'perubahan', 'perubahan', 'nyata', '', 'bidang', 'kehidupan', '', 'pksmenanganiespresiden', 'pkspembelarakyat', 'pks']",netral
"['', 'sumsel', 'palembang', 'puji', 'kalo', 'pks', 'koalisi', 'bilang', 'iniitu', 'kayak', '', 'demokrat']",netral
"['', '', 'ngaruh', 'anjirrr', 'biji', 'doang', 'mah', 'kecuali', 'keluarga', '', '', 'kecamatan']",netral
"['', 'sumsel', 'palembang', 'pesantren', 'makam', 'ulamajelaskan', 'kitax', 'sejelasjelasnya', 'program', '', 'maslahat', 'bermanfaat', 'rakyat', 'rekam', 'jejak', '', 'jakarta', 'sptnya', 'omong', 'kosong', 'alias', 'ngibul']",netral
"['jsp', 'selamat', 'tinggal', 'partai', 'demokrat']",netral
"['', 'logika', 'simple', 'nya', 'sobat', '', 'ayah', 'baper', 'sobat', '', 'partai', 'abu', 'udah', 'nyari', 'statement', 'menguntungkan', 'anak']",netral
"['crab', 'ntar', 'gini', 'prov', 'tolong', 'jadwal', 'nya', '', 'sesuaikan', 'wekkk']",netral
"['', 'tokoh', 'php', 'menjemput', 'takdir', '', '', 'coba', '', 'nanya', '', 'mp', 'gmn', 'sosok']",netral
"['pks', 'solid', 'anies', 'baswedan', '']",positif
"['', 'politik', 'identitas', 'anies', 'baswedan', 'cak', 'imin']",netral
"['', 'nasrunminallah', '', 'fathunqarrib', 'anies', 'baswedan', 'segenap', 'pendukung', 'nya', 'karihal', 'kafiruun', 'walaukarihal', 'musyrikuun', 'walaukarihal', 'munafikuun', 'barakallahu', 'fiikum', 'anies', 'baswedan', 'segenap', 'pendukung', 'nya']",netral
"['', 'rakyat', 'muak', 'janji', 'palsu', 'pemimpin', 'konoha']",netral
"['sedih', 'bahagia', 'betapa', 'senangnya', 'andra', 'pedagang', 'tisu', 'asongan', '', 'palembang', 'bertemu', 'langsung', 'idolanya', 'anies', 'baswedan', 'andra', 'musibah', 'dimana', 'beliau', 'kehilangan', 'mertua', 'nya', 'terima', 'kasih', 'menemui', 'orang', 'andra']",netral
"['', 'budak', 'palembang', 'tetep', 'ganjar', 'pranowo']",netral
"['', 'sumsel', 'palembang', '', 'rakyatmu', '', 'bingung']",netral
"['', 'sumsel', 'palembang', 'kalo', 'sehat', 'coba', 'lari']",netral
"['kesannya', '', 'dendam', 'sih', 'kawan', '', 'lawansebegitu', 'sakit', 'hatinya', 'yakan', 'mas', 'ahy', '', 'menteri', 'dulubr', '', 'presidenseperti', 'sbytolong', 'dimengerti', 'maksud', 'damai']",netral
"['idha', 'nasrunminallah', '', 'fathunqarrib', 'anies', 'baswedan', 'segenap', 'pendukung', 'nya', 'karihal', 'kafiruun', 'walaukarihal', 'musyrikuun', 'walaukarihal', 'munafikuun']",netral
"['', 'sumsel', 'palembang', 'halah', 'lebay']",netral
"['', '', 'jantungan', '', 'banjir', 'bawa', 'toa', 'target', '', '', 'rumah', 'selesainya', 'berabad', 'abad']",netral
"['', 'bener', '', 'skalian', 'yakinkan', 'bhw', 'doi', 'posisinya', 'cawapres', 'khawatir', 'jgn', 'doi', 'ngerasa', 'capres']",netral
"['', 'sumsel', 'palembang', 'sby']",netral
"['', '', 'dipereburankan', 'hitung', 'diatas', 'kertas', 'primordialisme', 'pemilih', 'idealisme', 'bernegara', '', 'pemilih']",netral
"['anies', 'baswedan', 'memilih', 'muhaimin', 'iskandar', 'calon', 'wakil', 'presiden', 'aminindonesialebihbaik']",netral
"['', 'sumsel', 'palembang', 'harto', 'tien', 'jaman', 'orba', 'dominasi', 'tien']",netral
"['', 'sumsel', 'palembang', 'bagus', 'tuh', 'apapun', 'kegiatannya', 'sekeluarga', 'kagak', 'milih']",netral
"['', 'dumdum', 'ahlinya', 'bikin', 'pengasong', 'khilaf', 'terkaing', '', '', '', '', 'sebentar', 'terkaing', '', '', '']",netral
"['', '', '', 'janji', 'gak', 'dibilang', 'menipu']",netral
"['rempang', 'wilayah', 'indonesia', 'merdeka', 'dihuni', 'masyarakat', 'melayu', 'tibatiba', 'nama', 'hak', 'negara', 'membagibagi', 'tanah', 'masyarakat', 'digusur', 'meneruskan', 'kunjungan', '', 'warga', 'rempang', '']",positif
"['', 'sumsel', 'palembang', 'nahdliyin', 'cerdas', 'menentukan', 'pilihan', 'membedakan', 'petugas', 'partai', 'pesuruh', 'partai', 'pemilik', 'partai']",netral
"['', 'mantap', 'terusnya', 'anies', 'partai', 'udh', '', 'obral', 'syarat', 'mencari', 'koalisi']",netral
"['chotimah', 'boneka', 'jilid', '', '', 'sembah', 'dasar', 'perusak', 'nkri', 'syaraf', '', 'fir', 'jing']",netral
"['', 'amis', '', 'anismuhaimin', 'iskandar']",netral
"['', 'nya', 'template']",netral
"['', '', 'bahas', 'move', '', '', 'siapasiapa', 'pencinta', 'buta', 'move', '']",netral
"['', 'ajah']",netral
"['', 'sumsel', 'palembang', 'perubahan', 'taek', 'kucing', 'wan', 'bahlul', 'dagang', 'bacod']",netral
"['', '', 'anies', 'wakilnya', 'gerindra', 'partai', 'pendukung', 'pemerintahtapi', 'jakarta', 'berubah']",netral
"['', 'brewok', 'dapetin', 'suara', 'umat', 'islam', 'iya', 'namanya', 'politik']",netral
"['', 'besok', 'beneran', 'maju', '', 'pilih', 'menang', 'langsung', 'oposisi', 'tagih', 'janji', '', 'tertulis', '', '', '', 'forum', 'media', 'terpercaya']",netral
"['', 'sumsel', 'palembang', 'kin', 'solikin', 'ndang', 'muliho', 'enak', 'neng', 'indonesia', 'serba', 'gratis', 'bensin', 'motor', 'gratis', 'meteng', 'dibagi', 'duit', '', 'yuto', 'sampe', 'ndoboli', 'mangan', 'gratis']",positif
"['', 'sumsel', 'palembang', 'insyaallah', 'ganjar', 'pranowo', 'tuk']",netral
"['', 'jokowi', 'gak', 'bilang', 'suka', 'porno', 'beliau', 'negarawan', 'sosok', 'pemimpin', '', 'melanjutkan', '', 'gitu']",netral
"['dumdum', 'klo', 'gak', 'suka', 'anies', 'tinggal', 'pilh', 'prabowo', 'mudah', 'gitu', 'aja', 'repot']",netral
"['', 'sumsel', 'palembang', 'salam', 'sehat', 'sabtu', '', 'surabaya', 'minggu', '', 'palembang']",netral
"['elektabilitas', 'prawobo', 'ungguli', 'ganjar', 'pranowo', 'anies', 'baswedan', 'polling', 'institute', '', 'babad', '', '', 'babad', '', 'jokowinomics', 'bersamaprabowo', 'menatamasadepan']",netral
"['torang', 'butuh', 'anies', 'baswedan', 'modal', 'mulut']",netral
"['bangagoengdua', 'baguslah', 'berdamai', 'bersatu', 'indonesia', '', 'gak', 'suka', 'jatidiri', 'nasionalisme', 'nya', 'ayuk', '', 'dukung', 'pasangan', 'mantapks']",netral
"['pemikiran', 'anies', 'baswedan', 'memangnya', 'bumn', 'beli', 'tanah', 'belanda', 'beli', 'tanah', 'wajib', 'direnungkan', 'pemimpin', 'negeri', 'tolakpenggusuranrempang']",netral
"['keren', 'bgt', 'emang', 'nice', 'interview', 'with', 'bocor', 'alus', 'politik']",positif
"['', 'pkb', '', 'caheum', '', 'cibaduyut', 'mang', '', 'tos', 'teu', 'aya', 'mang', 'sarieuneun', 'keur', 'mah', 'supir', '', 'batak', 'hungkul', 'katambah', 'tara', '', 'tepikeun', '', 'terminal', 'cenah']",netral
"['', 'berita', '', '', 'goreng']",netral
"['asmara', 'cieciecieyang', 'samasama', 'setipe', 'seirama', 'oportunisbukan']",netral
"['ambisi', 'anies', 'baswedan', 'terpilih', 'presiden', 'benahi', 'layanan', 'kesehatan', 'permudah', 'akses', 'pendidikan']",netral
"['', 'pesuruh', 'partai', 'banggakan']",netral
"['', 'sumsel', 'palembang', 'emang', '', 'percaya', '', 'nies']",netral
"['dumdum', 'demokrat', 'sdh', 'tau', 'akhlaknya', 'tukang', 'ngibul', 'berharap', 'ketum', 'nya', 'wapres', 'tutup', 'sebelah', 'mata', '', 'lepeh', '', 'buka', 'mata', 'sebelahnya', '', 'tertutup']",netral
"['anies', 'baswedan', 'tudingan', 'politik', 'identitas', 'intoleran', 'politik', 'identitas', '', '', 'aktor', 'adzan', 'maghrib', '', 'amin', 'aniesbaswedan', 'muhaiminiskandar', '', 'samosir', 'sapta']",netral
"['', 'pkb', 'sbg', 'legislatif', 'mgkn', 'menginisiasi', 'janji', 'hrs', '', 'mengisi', 'dgn', '', '', '', 'bertanggung', 'janji', 'amp', 'program', 'pemerintahannya', '', 'bertgg', 'jwb', 'menjembatani', 'eksekutif', 'amp', 'legislatif', 'berkoordinasi', 'dgn', 'partai', 'koalisi', 'mengkoreksi']",netral
"['', 'dimakeup', 'pake', 'apapun', 'tetep', '', 'politik', 'identitas', 'lakukan', 'kepentingan']",netral
"['', 'asmara', 'identitas', '', 'otak', 'dipakai', 'otak', 'masi', 'jeblog', 'nggak', 'komen']",netral
"['sir', 'hellleeeeehhh', '', 'nggedabrush']",netral
"['salah', 'langkah', '', '', 'ansor', 'menghalau', 'politik', 'identitas', 'jelang', 'pemilu', '', '', '', 'pdip', 'ganjar', 'pranowo', 'mahfud', '', '', 'gerindra', 'pkb', 'pks', 'nasdem', 'prabowo', 'anies', 'baswedan', 'cak', 'imin', 'naufal', 'adzan', 'jakarta']",negatif
"['chotimah', '', '']",netral
"['', 'setuju', 'bikin', 'celah', 'janjijanji', 'narasinarasi', 'progresif', 'bikin', 'masyarakat', 'optimis']",netral
"['', 'petugas', 'partai', 'bos', 'nyajadi', 'banggakan']",netral
"['', 'sumsel', 'palembang', 'anis', '', 'terbaik']",netral
"['nad', '', 'marm', '', 'durian', 'janji', 'kebiasaan', 'tujuannya', 'menjatuhkan', 'anis', '', 'silahkan', 'dinilai']",netral
"['', 'sumsel', 'palembang', 'yth', '', 'janji', 'hutang', 'tolong', 'peringatkan', 'cak', 'imin', 'utk', 'obral', 'janji', '', 'masuk', 'akal']",netral
"['', 'lasan', 'mendukung', 'anisyg', 'sarional']",netral
"['', 'nya', 'mas', 'sowan', '', 'jgn', '', 'media', 'bicaranya', 'mencairkan', 'suasana', 'luluh', 'hati', 'nya', 'demokrat', 'gak', 'jamin', 'sih']",netral
"['ahy', 'dongkrak', 'elektabilitas', 'anies', 'baswedan', 'temuan', 'survei', 'polling', 'institute']",netral
"['', 'sumsel', 'palembang', 'semoga', '', 'kesehatan', 'anies', 'keluarga', 'gus', 'muhaimin', 'keluargaamiin']",netral
"['', 'katika', '', 'rizieq', 'shihab', 'aktif', 'berpidato', 'mesra', 'banget', 'anies', 'baswedan', 'prabowo', 'subianto', 'foto', 'gandengan', 'tangan']",netral
"['', 'sumsel', 'palembang', '', 'pake', 'jet', 'pribadi', '', 'boss']",netral
"['', 'saran', 'utk', 'anies', '', 'lupakan', 'demokrat', 'mrk', 'sdh', 'move', '', 'kpp', 'sdh', 'move', '', 'lirik', 'kepartai', '', '', 'msh', 'maju', 'mundur', 'krn', 'koalisi', 'rapuh', 'mrk', '', 'api', 'sekam', 'blm', 'deklarasi', '', 'shg', 'trlihat', 'msh', 'adem', 'ayem']",netral
"['', 'setuju', 'dgn', 'negara', 'konoha', 'berjanji', '', 'ditepati']",netral
"['', 'positif', 'cawapres', 'berjanjinya', 'selangittolong', '', 'wantivwanti']",netral
"['chotimah', 'aja']",netral
"['masuk', 'bui']",netral
"['', '', 'gunanya', 'nonton', 'bokep', 'yah', 'susah', 'ereksi', 'dirangsang', 'dgn', 'nonton', 'bokep', 'otongnya', 'ganjar', 'impoten', 'paham', 'cuk']",netral
"['samosir', 'sir', 'ayp', 'nantoo', 'toniee', 'politik', 'identitas', 'pengkhianat', 'pendekar', 'silat', 'lidah', '', 'anies', 'baswedan']",netral
"['', 'sumsel', 'palembang', 'sehat', '', '', 'sya', 'allah', 'amanah', '', 'bebankan', '', 'penuh', 'dgn', '', 'iklhasan', 'tanggung', 'pendukung', 'rakyat', 'indonesia', 'aamiin', 'amin']",netral
"['hariy', 'pkb', 'monggo', 'pelukan', 'prof']",netral
"['pengen', 'liat', 'watak', 'asli', 'pribadi', '', 'cek', '', 'out', '']",netral
"['', 'berjuang', 'rakyat', 'bangsa', 'negarasepertinya', 'gara', 'gara', 'pembagian', 'jatah', '', 'gabung', '', 'pilihan', 'rakyat']",netral
"['saran', 'aja', 'amp', '', 'gak', 'contoh', 'udah', 'janji', 'buktinya', 'nol', 'rakyat', 'udah', 'kenyang', 'banget', 'janji', 'dibutuhkan', 'rakyat', 'bukti', 'nyata', '', 'marm']",netral
"['hasibuan', 'semoga', 'tayangan', 'mempertebal', 'iman', 'nya', 'kpd', 'alloh', 'swt', 'bertakwa']",netral
"['silent', 'setuju', '', 'ingatkan', 'imin', 'jgn', 'byk', 'bacot', '', 'janji', '', 'masuk', 'diakal', 'sehat', '', 'jgn', 'gaya', 'jokowi', 'dibawa', '', 'dlm', 'org', 'berakal', 'sehat']",netral
"['', 'negeri', 'dikuasai', 'syiah', 'islam', 'nusantara', 'islam', 'liberal', 'umat', 'islam', 'meninggalkan']",netral
"['', 'sumsel', 'palembang', 'ngga', '', 'post', '', 'anies', 'pendukung', 'sebelah', 'kepanasan', 'kelojotan']",netral
"['', 'cawapres', 'tebar', 'janji', 'janji', 'capres', 'nya', 'kesandung']",netral
"['', 'sumsel', 'palembang', 'tipikal', 'buzzer', 'orangnya', 'keras', 'bahasanya', 'kasar', 'adu', 'gagasan', 'lempar', 'botol', 'pimpinannya', 'kaya', 'gini', 'ngeerriiii', 'klu', 'negara', 'dikelola', 'golongan', 'kecewa', 'pilih', 'merah']",netral
"['', 'kalah', 'anis']",netral
"['', 'sdh', 'cinta', 'smua', 'spontan', 'pamrih']",netral
"['cyber', 'pkb', 'dah', 'berjubel', 'berseliweran']",negatif
"['kali', 'terpaksa', 'geisz', 'chalifah', 'keluarkan', 'unekunek', 'jujur', 'anies', 'baswedan', 'kecewa']",netral
"['', 'sumsel', 'palembang', 'besak', 'pakai']",netral
"['', 'hehehe', 'pranowo', 'keren', 'nnti', 'dibanding']",netral
"['', '', 'mhssw', 'sdh', 'puas', 'dikibulin', '', '', 'badut', '', 'tunggu', 'acara', 'resmi', 'id']",netral
"['', 'politik', 'adu', 'domba', 'komunis', 'utk', 'memecah', 'belah', 'umat', 'gagal', 'total']",netral
"['', 'oalahhh', '', 'buruk', 'hatinya', 'demokrat', 'awas', 'hati', 'partai', '', 'koalisi', '', 'jeleki', 'dimana', 'kalo', '', 'sejalan']",netral
"['warga', 'jakarta', 'rumahdidukung', 'kampanye', 'ama', 'sjw', '', 'edgy', 'dng', 'kajian', 'ilmiah', 'nyanyatanyakosong', 'doangdan', 'sjwnya', 'diam', 'aja']",netral
"['', 'bwahahahha', 'kangen', 'anies', 'yaaaa']",netral
"['pkb', 'aamiin', '', 'rabballalamin']",netral
"['', 'maaf', 'nahdliyin', 'memilih', 'anies']",netral
"['', 'marm', 'tayangan', 'bocor', 'halus', 'tempo', 'berdurasi', '', 'jam', '', 'menit', 'tonton', 'tuntas', 'wawancara', 'tempo', 'narsum', 'bela', 'amati', 'cermati', 'komen']",netral
"['', 'kuat', 'anies', 'baswedan']",netral
"['', 'senang', 'dana', 'desa', 'kalo', 'terwujud', 'mencoreng', 'inget', 'janji', 'nafsu', 'capres']",netral
"['anies', 'baswedan', 'pks', 'dukung', '', 'pilpres', '', 'muhaimin', 'iskandar', 'cawapres']",netral
"['muhaimin', 'iskandar', 'kekuatan', 'anies', 'baswedan', 'berbeda', 'basis', 'pendukung']",netral
"['', 'sumsel', 'palembang', 'anies', 'aja', 'udah', 'bikin', 'males', 'ditambah', 'pekaes']",netral
"['', 'apalah', '', 'suara', 'keluargamu', 'ketimbang', 'suara', 'anies', 'keluarga', '', 'perubahan']",netral
"['bacapres', '', 'memiliki', 'otoritas', 'amp', 'kapasitas', 'kebijakan', '', 'kader', 'partai', '', 'partai', 'hegemoni', 'kekuasaan', '', 'mudah', 'ditaktor']",netral
"['', 'pengalaman', 'membuktikan', 'janji', 'dusta', 'berjanji', 'sesuai', 'kemampuan', 'aja', 'pemimpin', 'adil', 'bijaksana']",netral
"['', 'cak', 'janjine', 'seng', 'wajar', 'wajar', '', 'cak', 'boyokmu', 'ndak', 'kumat']",netral
"['rasul', 'pujaan', 'kadrun', 'peliharan', 'kampret', 'mah', 'bebas', 'perbuatannya', 'beradab', 'marm', 'asmara']",netral
"['tv', 'koalisi', 'mendukung', 'ganjar', 'cocoknya', 'koalisi', 'indonesia', 'melaju', 'indonesia', 'maju']",netral
"['', 'bg', 'jaga', 'mulut', 'tiru', 'gaya', 'presiden', 'konoha', 'umbar', 'janji', 'kebohongan']",netral
"['wawancara', 'anies', 'baswedan', 'memilih', 'muhaimin', 'iskandar', 'calon', 'wakil', 'presiden']",netral
"['hariy', 'pkb', 'omongke', '', 'cak', '', '', 'prop', 'gitu', 'suka', 'bercyanda']",netral
"['', 'sumsel', 'palembang', 'bismillah', 'semoga', 'sehat', 'berkah', 'berlimpah', 'amin', 'aamiin', 'yaa', 'robbal', 'alamiin']",netral
"['', 'wakakacari', 'teman', 'menyerang']",netral
"['coba', 'anies', 'baswedan', 'berkomentar', 'sehalus']",netral
"['', 'sumsel', 'palembang', 'ruarrr', 'totalitas', 'memenangkan', '', 'lupakan', 'allah', 'kemenangan', 'berulang', 'kali', 'dikhianati', '', '', 'berkhianat']",netral
"['', 'udah', 'bang', 'akun', 'buzzer', 'follower', 'secuil', 'aja', 'pake', 'ditanggapin', '', 'menaikan', 'posisi', 'tawar', 'hak', 'pilih', '', 'biji', 'lolos', 'dihitung', 'engga', 'merajalela', 'aja', 'tuh', 'tikus', 'politik', 'pragmatis', '', 'memikirkan']",positif
"['kesedihan', 'digusurnya', 'kelahiran', 'berubah', 'keceriaan', 'amp', 'kegembiraan', 'anies', 'baswedan', 'meresmikan', 'kampung', 'susun', 'akuarium', '', 'bekas', 'lokasi', '', 'digusur', 'ahok', 'pilihlah', 'capres', '', 'memikirkan', 'nasib', 'rakyatnya', 'jgn', 'memilih', 'capres', '', 'memikirkan', 'nasib', 'perut', 'partainya']",netral
"['', 'mas', 'ahy', 'ketum', 'parpol', 'mas', 'anies', 'petugas', 'partai', 'gelandangan', 'politik', 'sih']",netral
"['', 'sumsel', 'palembang', 'tecium', 'dak', 'mambu', 'asapnyo', 'tipis']",netral
"['', 'utk', 'pendidikan', '', 'klu', 'msh', 'pemimpincara', 'banci', '', 'jgn', 'mengcreate', 'story', '', 'tdk', 'mendasar', 'malu', '', 'berdua', 'msh', 'bermain', '', 'tdk', 'etis', 'buka', 'matamu', 'klu', 'tdk', 'jgn', 'maju']",netral
"['', 'ayo', 'bikin']",netral
"['', 'ragu', 'pasangan', 'mantap', 'percaya']",netral
"['didu', 'mardani', 'ali', 'sera', 'ketua', 'dpp', 'pks', 'kerap', 'kali', 'pks', 'pkb', 'dipersepsikan', 'berbeda', 'minyak', 'air', 'sebentar', 'kopi', 'gula', 'menyatu', 'kemenangan', 'umat', 'insyaallah', 'mengantarkan', 'kemenangan', 'amin']",netral
"['', 'gpng', 'marm', 'ahy', 'demokrat', 'mengedepankan', 'sikap', 'cemen', 'melow']",netral
"['kaloh', 'lihat', 'mije', '', 'dimaana', 'gatal', 'mikekholic', 'kali', '', 'bisanya', 'ngoming', '', 'pintarlah', 'cari', 'mike']",netral
"['silent', 'janji', 'legendaris', 'pemanis', '']",netral
"['', 'lbs', 'telak', 'bet', 'angkanya', 'bener', '', 'pemilu', '', 'putaran', 'krn', 'pemenangnya', 'udh', 'anies', 'baswedan']",netral
"['', 'sumsel', 'palembang', 'kak', 'boss', 'buzzer', 'gagasan', '', 'narasi', '', 'kerja', '', '']",netral
"['', 'pkb', 'muslim', 'wajib', 'beridentitas', 'beriman', '', 'munafikun', 'nebeng', 'islam', 'cari', 'suara', 'namanya', 'politik', 'identitas', 'gak']",netral
"['an', 'iya', '', 'mulut', '', 'tulis', 'media', 'blunder', 'gak', 'bahaya', 'tah', 'paham']",netral
"['gpng', 'ahy', 'demokrat', 'gelandangan', 'politik']",netral
"['', 'hati', 'hati', 'orang', 'antek', 'barat', '', 'gampang', '', 'setir', 'hati', 'hati', 'rakyat', 'indonesia', 'aniesantekbarat', 'aniesgampangdisetir']",netral
"['', 'mardani', 'ali', 'sera', 'ketua', 'dpp', 'pks', 'kerap', 'kali', 'pks', 'pkb', 'dipersepsikan', 'berbeda', 'minyak', 'air', 'sebentar', 'kopi', 'gula', 'menyatu', 'kemenangan', 'umat', 'insyaallah', 'mengantarkan', 'kemenangan', 'amin']",netral
"['', 'cak', 'kardus', 'diamlah']",netral
"['', 'betulgak', 'janjianis', '', 'desa', '', '', 'janji', 'wni', 'gaji', '', '']",netral
"['hindari', 'janji', 'palsu', 'janji', '', 'lurah', '', 'byk', 'bertebaran', 'janji', 'palsu', '', 'lurah']",netral
"['anies', 'baswedan', 'dorong', 'cad', 'pks', 'sumsel', 'perjuangkan', 'nilai', 'keadilan']",netral
"['siregar', 'mardani', 'ali', 'sera', 'ketua', 'dpp', 'pks', 'kerap', 'kali', 'pks', 'pkb', 'dipersepsikan', 'berbeda', 'minyak', 'air', 'sebentar', 'kopi', 'gula', 'menyatu', 'kemenangan', 'umat', 'insyaallah', 'mengantarkan', 'kemenangan', 'amin']",netral
"['', '', 'diperuntukan', 'org', 'semoga', 'amp', 'diberkahi', 'allah', 'swt', 'dlm', 'langkahnya']",netral
"['', 'pkb', 'pas', 'tanggapan', 'bang', 'mardani', 'pks', 'pkb', 'pecah', 'insya', 'allah', 'presiden']",netral
"['sir', 'mardani', 'ali', 'sera', 'ketua', 'dpp', 'pks', 'kerap', 'kali', 'pks', 'pkb', 'dipersepsikan', 'berbeda', 'minyak', 'air', 'sebentar', 'kopi', 'gula', 'menyatu', 'kemenangan', 'umat', 'insyaallah', 'mengantarkan', 'kemenangan', 'amin']",netral
"['', 'maa', 'shaa', 'allah']",netral
"['lahanx', 'sumsel', 'palembang', '', 'tau', 'bang', '', 'buzzer', 'kak', '', 'butuh', 'banget', 'buzzer', 'mendongkrak', 'elektabilitasnya']",netral
"['', 'gak', 'papa', 'sih', 'gak', 'ngampus', 'baca', 'ilmu', 'ente', 'gak', 'sepak', 'terjang', 'jose', 'rizal', '', 'filipina', 'bro', '', 'baiknya', 'cari', 'tau', '', 'pendukung', 'anies', 'kuat', 'literasinya', 'setuju']",netral
"['', 'sibuk', '', 'ngurusin', 'capres', '', 'simpatik', 'aja', 'org', '', 'ketum', 'nya']",netral
"['', 'sumsel', 'palembang', 'lurah', 'dipoles', 'pencitraan', 'pilpres', '', '', 'dipoles', 'pencitraan', 'bacapres', 'pola', 'pencitraan', 'senjata', 'terdepan', 'memenangkan', 'pilpres']",netral
"['', '', '', 'terkenal', 'nih', 'anies', 'baswedan', 'demokrat', 'move']",positif
"['', 'tolong', 'tambahan', '', '', 'kecuali', '', 'lakukan', 'anies', 'baswedan', 'buzzer', 'menggiring', 'opini', '', 'politik', 'identitas', 'politisasi', 'agama', 'negara', 'negara', 'sarang', 'teroris', 'anies', '', 'presiden', 'menjijikkan', 'nya', 'politik']",negatif
"['', 'anak', 'papah', 'kroninya', 'merajuk', '', 'pojokan']",netral
"['', 'perusak', 'pala', '', 'peyang']",netral
"['pks', 'solid', 'gasspolll']",positif
"['asmara', 'mardani', 'ali', 'sera', 'ketua', 'dpp', 'pks', 'kerap', 'kali', 'pks', 'pkb', 'dipersepsikan', 'berbeda', 'minyak', 'air', 'sebentar', 'kopi', 'gula', 'menyatu', 'kemenangan', 'umat', 'insyaallah', 'mengantarkan', 'kemenangan', 'amin']",netral
"['', 'alhamdulillah', '', 'anies', 'tambahan', 'suara', '', 'suara', 'dri', 'keluarga', 'besarku']",netral
"['', 'kalo', 'kota', 'kabupaten', '', '', 'bangkrut', 'gmn', 'utang', 'thp', 'pns', 'utang', 'invoice', 'kontraktor', 'ababil', 'garislucu', 'tweet', 'ri']",netral
"['', 'sumsel', 'palembang', 'pribumi', 'waras', 'cinta', 'setia', 'nkri', 'pribumi', 'guoblog', 'bermental', 'londo', 'ireng', 'berharap', 'negara', 'dipimpin', 'imigran', 'yaman']",netral
"['', 'janji', 'kampanye', 'fokus', '', 'usaha', 'mengkoreksi', 'legislasi', '', 'menyusahkan', 'masyarakat', '', 'ciptaker', 'dll', 'amp', 'menimbang', 'kekuatan', 'pengalamannya', '', 'dpr', 'mpr', 'biarkan', '', 'menyusun', 'janji', 'amp', 'program', 'pemerintahannya']",netral
"['', 'senyum', 'pepsdent']",netral
"['', 'baca', 'pernyataan', 'sikap', 'menyusun', 'pernyataan', 'sikap', 'aksi', 'demonstrasi', 'level', 'kampus', 'ente', 'kagak', 'bro', '', 'gak', 'aktivis', 'gak', 'ngampus', '', 'maklum', 'sih', '', 'tul', 'gak']",netral
"['', 'capres', 'cawapres', 'menang', '', 'koreksi', 'rocky', 'gerung', '', 'kritisi', 'menyimpang', 'janjinya', 'anies', 'ahy', 'ganjar', 'prabowo', 'aja', 'ngak', 'menghasilkan', 'perubahan']",netral
"['', '', 'beliau', 'maksud', '', 'asmara', 'idha']",netral
"['', 'sumsel', 'palembang', 'sehat', 'badannya', 'sehat', 'jiwanya']",netral
"['amin', 'politik', 'cerdas', 'politik', 'idegagasan', 'politik', '', 'penuh', 'kedamaian', 'cacimakian', 'politik', '', 'penuh', 'harapan', 'gus', 'wajib', 'menolak', 'poltik', 'pecahbelah', 'sesuai', 'komitmen', 'janji', 'koalisi', 'amin', 'pkb']",netral
"['id', 'gak', '', 'gubernur', 'hebat', 'penuh', 'karya', 'nyata']",netral
"['tok', 'resmi', 'partai', 'demokrat', 'mencabut', 'dukungan', 'anies', 'baswedan', 'hso', 'pdemokrat', 'agusyudhoyono', 'demokrat', 'pilihan', 'rakyat']",netral
"['partai', 'demokrat', 'resmi', 'cabut', 'dukungan', 'anies', 'baswedan', '', 'pilpres', '', '', 'agusyudhoyono', 'pdemokrat', 'demokrat', 'pilihan', 'rakyat']",netral
"['', 'ahy', 'cawapres', 'menang', '', '', 'menang', 'ahy', 'berubah', 'dewasa', '', '', 'bapaknya']",netral
"['', 'euhh', 'sapa', '', '', 'ngiris', 'bawang']",netral
"['pkb', 'tolong', 'jgn', 'bicara', 'menebar', 'janji', '', 'blm', '', 'wujudkan', 'nantik', '', '', 'ucapkan', 'kelak', 'tdk', '', 'wujudkan', 'orang', '', 'maki', '', 'sosmed', 'dunia', 'nyata']",netral
"['', 'pkb', 'lohhh', 'doanya', 'ditolakkkkk', 'tuh']",netral
"['', 'titip', 'tolong', 'reformasi', 'bidang', 'penegakan', 'hukum', 'kpk', 'polri', 'bin', 'kejaksaan', '', 'kehakiman', 'turunannya']",netral
"['tv', 'gak', 'lihat', 'bacawapres', '', 'lihat', 'langsung', 'muntahgini', 'ajacoba', 'sebutkan', 'prestasi', '', 'dibanggakankalau', 'amp', 'keluarga', 'coblos', 'anies']",netral
"['', 'cieeeeee', 'ahy', '', 'cawapres', 'cieeeeeeee']",netral
"['', '', 'sudahsemua', 'bebas', 'berpendapat', 'bang', 'rgbicara', 'kualitas', 'nggak', 'menang', 'bae', 'bohong', 'bang', 'maunya', '', 'duanya']",netral
"['ideal', '', 'gaes', 'mas', 'gus', '', 'kemarin', 'kemarin', '', 'allah', 'swt', '', 'mengatur']",netral
"['', 'njelehi', '', 'kerajaan', 'demokrat']",netral
"['hasibuan', 'ibadah', 'allah', '', 'tampakkan', 'belang', 'nya', 'sesuai', 'aturan', 'allah', 'tetapkan', 'astagfirullah', 'naudzubillah']",netral
"['bikin', '', 'presiden', '', 'alasan', 'mental', 'pendukungnya', '', 'nih']",netral
"['', 'sumsel', 'palembang', 'minimal', '', 'sehat', 'nalar', 'amp', 'budimu', '', 'yaa']",negatif
"['janji', 'anies', 'baswedan', 'terpilih', 'presiden', 'tuntaskan', 'kesejahteraan', 'keluarga']",netral
[''],netral
['keren'],netral
"['', 'sumsel', 'palembang', 'mancing', 'ikan', 'patin', '', 'sungai', 'musi', 'anies', 'cak', 'imin', 'pasangan', 'serasi', 'persepsi', 'visimisi']",netral
"['', 'sumsel', 'palembang', 'saking', 'sehatnya', 'daya', 'jongos', 'partai', 'musang', '', 'jimat', 'rambut', 'sorga', '']",netral
"['', '', '', 'biarin', 'aja', 'masuk', 'perangkap', 'kedalam', 'lubang']",netral
"['', 'sumsel', 'palembang', 'menyanjung', 'tingg']",netral
"['mardani', 'ali', 'sera', 'ketua', 'dpp', 'pks', 'kerap', 'kali', 'pks', 'pkb', 'dipersepsikan', 'berbeda', 'minyak', 'air', 'sebentar', 'kopi', 'gula', 'menyatu', 'kemenangan', 'umat', 'insyaallah', 'mengantarkan', 'kemenangan', 'amin']",netral
"['hasibuan', 'kardun', 'kecewa', 'pendukung']",netral
"['', 'sumsel', 'palembang', 'buni', 'yani', '', 'berjasa', 'karier', 'ente', 'koq', '', 'diajak', 'wan']",netral
"['', 'sumsel', 'palembang', 'maju', 'teruss', 'anies', 'membawakan', 'menularkan', 'semangat', 'indonesia', 'utk', 'perubahan', 'persatuan', 'semoga', 'allah', 'swt', 'senantiasa', 'melindungi', 'mengiringi', 'langkah', 'anies', 'beserta', 'koalisi', 'aamiin']",netral
"['', 'perjuangan', 'auto', 'mingkem', 'bang']",netral
"['', 'ente', 'proklamasi', 'status', 'sbg', 'wni', 'aja', 'gak', 'baca', 'teks', 'proklamasi', '', 'pendukungmu', 'segininya', 'nies']",netral
"['', 'sumsel', 'palembang', '', 'besok', 'duduk', 'dimeja', 'mnjdi', 'contohlah', 'pemimpin', '', '', 'bgaimnapun', 'kadrunmu', '', 'menyalahkn', 'wudhu', 'ganjar', '', 'katakn', '', 'klo', 'meluk', 'prempuan', '', 'muhrim', 'haram', 'dlm', 'islam', 'amp', 'jjur', '', 'prnh', 'lkuin', '', 'bukn', 'ttg', 'org', 'wudhu', '']",netral
"['', 'udah', 'merapat', 'kemana', 'nih', '', 'kasiaaaaaannn', 'aja', '', 'koalisi', 'kpp', 'tar', 'ketum', 'dijadikan', 'menlu', 'menpora', 'bapaknya', '', 'dijadikan', 'wantimpres']",netral
"['pks', 'keren', 'pks', 'solid', 'konsisten', 'dukung']",positif
"['', 'pkb', 'gimana', 'gituuu', 'kecewa', 'ahh']",netral
"['', 'hahah', 'pendukung', 'anies', 'emang', 'bersilat', 'lidah', 'gak', 'anies', 'nya', 'gak', 'pendukung', 'nya']",netral
"['', 'perjuangan', 'prabowo']",netral
"['', 'poirot', '', 'menyimpang', '', 'pendukungnya', 'anies']",netral
"['', 'ahy', 'solid', '']",positif
"['', 'sependapat', 'batasi', 'seblm', 'bumerang']",netral
"['', '', 'udah', 'mandat', 'utk', 'pilih', 'bacawapres', 'dikendalikan', 'jugalebih', 'bagus', 'berhenti', 'ayam', 'dilepas', 'tali', 'nya', 'dipegang', 'talinya', 'diikat', '', 'kaki', '', 'berkoar', 'koar', '', 'publiklmemberi', 'kebebasan', 'bacapres', 'pilih', 'bacawapres']",netral
"['', 'sumsel', 'palembang', 'klo', 'palembang', 'dikirim', 'pempek', 'wan', 'bahlul']",netral
"['rakyat', 'pintar', 'pilihnya', 'anies', 'baswedan']",netral
"['', 'janjijanji', 'spt', 'reaksinya', 'negatif']",netral
"['', '', '', 'mmg', 'produk', 'kedunguan', 'abadi', 'bangsa', 'kitasejarah', 'mencatat', 'partai', 'jenggutan', 'gara', 'ulah']",netral
"['dumdum', 'politik', 'dinamis', 'ahy', 'manuver', 'politik', 'last', 'minute', 'tdk', 'pedeipeh', '']",netral
"['', 'siregar', 'chantika', 'lbs', 'merapat', '', 'pdip', '', '', '', 'sby', 'perang', 'dingin', '', 'pdip', 'merapat', '', '', '', 'begal', 'partai', 'disana', 'anak', 'yatim', 'piyatu', '', 'kenangan', 'indah', 'dimemory', '', '', 'nggak', 'kang', 'mas']",netral
"['', '', 'era', 'penindasan', 'orang', 'cerdas', 'berkurang', 'kebijakan', 'kebijakan', 'nya', 'jejak', 'kepemimpinannya', 'beda', 'putra', 'mahkota', '', 'teruji']",netral
"['adi', 'mendekati', 'odgj', 'pas', '', '', 'bacotan', 'nya']",netral
"['anak', 'mami', 'orang', 'lahir', 'pergolakan', 'anti', 'orde', '', 'realitas', 'buruhmasyarakat', 'miskin', 'petani', 'amp', 'masyarakat', 'selamat', 'pagi', 'lhuur', 'yuuk', 'aminkan', 'indonesia', '', 'amin', 'aniesmuhaimin', 'aniesbaswedan', 'muhaiminiskandar']",negatif
"['', 'sumsel', 'palembang']",netral
"['gpng', 'trus', 'kenape', '', 'anies', 'presidenya', 'luhut', 'ngapain', 'aja', 'gak', 'biarin', 'aja']",netral
"['', 'sumsel', 'palembang', 'gak', 'suka', 'anies', '', 'intip', 'twitt', 'nya', '', 'follow', 'tahan', 'jarimu', 'biar', 'hatimu', 'bahagia', 'heran']",netral
"['dumdum', 'partai', 'demokrat', 'sadar', 'blunder']",netral
"['', 'id', '', '', 'efek', '', 'penkhianatan', '', 'dingin', '', 'pengecut', 'menjual', 'integritas', 'ketokohan', 'utk', 'tunduk', 'sbg', 'boneka', 'brewok', 'petugas', 'nasbung']",netral
"['anies', 'baswedan', 'dorong', 'cad', 'pks', 'sumsel', 'perjuangkan', 'nilai', 'keadilan', 'pkspelayanrakyat']",netral
"['', 'org', 'berubah', 'ubah', 'perkataan', 'nyaga', 'sukseskata', 'nya', 'nasdem', '', 'mandat', '', 'bacapres', 'utk', 'memilih', 'bacaprestapi', '', 'ybs', 'utk', 'membantah', 'nya', 'spgimana', 'mengharapkan', 'pemimpin', 'itukalau', 'berani', 'bantah', '', 'itubalikan', 'ybs']",netral
"['', 'sumsel', 'palembang', 'jalan', 'sehatnya', 'rutin', 'menjelang', 'pemilu', 'klo', 'menjelang', 'pemilu', '', 'sehat']",netral
"['', 'sumsel', 'palembang', 'sekedar', 'video']",netral
"['', 'mulutmu', 'harimaumunanti', 'klu', 'dananya', 'nggak', 'keteter', 'kanudah', 'kadung', 'janji', 'ndak', 'menepati']",netral
"['', 'janji', 'cak', 'imin', 'bacawapresnya', '', 'semoga', 'pembenahan', 'masuk', 'dipermasalahkan', 'kebersamaan', 'butuhkan', 'upaya', 'efek', 'kemenangan', 'pilpres', 'insya', 'allah', 'aamiin']",netral
"['', 'sumsel', 'palembang', 'palembang', 'gub', 'nya', 'nasdem', 'coba', 'main', '', 'jateng', 'ama', 'jakt']",netral
"['', 'mnding', 'urus', 'ketum', 'nya', 'cari', 'partai', '', 'jdikan', 'beliau', 'cawapresd', 'bnding', 'urus', 'mantan']",netral
"['meniti', 'bos', 'azdzan', '', '', 'bacapres', 'gua']",netral
"['', 'solo', 'asli', '', 'nganu', 'solo', 'palsu', 'bin', 'abalabal']",netral
"['', 'capresnya', 'belom', 'ngeluarkan', 'gagasan', 'ketutup', 'gagasan', 'sampah', 'cawapresnya', 'bye', 'anies', 'baswedan', 'kasian', 'orang', 'ointer', 'presiden', 'kudu', 'bodoh']",netral
"['calon', 'pemimpin', '', 'buruk', 'nkri']",netral
"['property', 'pekok', 'saudara', 'indonesia', 'harga', 'mati', 'hidup', 'nkri']",netral
"['budimab', 'alhasiltenggelamkan']",netral
"['anies', 'baswedan', 'isu', 'berjarak', 'jokowi', 'temponasional']",netral
"['kampanyelah', 'sewajarnya', '', 'memanfaatkan', 'agama', 'kepentingan', 'politiknya', 'semangat', 'anies', 'baswedan']",netral
"['', 'mencuci', 'stempel', 'politik', 'identitas', '', 'mengkapitalisasi', 'video', 'ganjar', '', 'tayangan', 'adzan', '', 'mencuci', 'pakaian', 'kotor', '', 'oli', 'bekas', 'brutalnya', 'politik', 'identitas', '', 'pilkada', 'dki', 'tayang', 'kedunguan', 'mkn', 'terang', 'benderang', '']",netral
"['janjinya', '', 'gak', 'masuk', 'akal', '', 'berbahaya', 'elektabilitas']",netral
"['', 'sumsel', 'palembang', 'bunglon', 'berganti', 'kulit', '', 'berita', 'media', 'berganti', 'arah', 'sesuai', 'angin', 'berhembus']",netral
"['', 'dukung', 'fullpakganjarbest', '', 'the', 'best', '', 'laintenggelamkan']",netral
"['', 'grombolan', 'tuh']",netral
"['', 'tolong', 'mengerem', 'janjijanji', 'politik', '', 'dana', 'desa', '', 'bbm', 'gratis', 'mending', 'fokus', 'memberantas', 'mafia', 'tambang', 'semoga', 'berani', '', 'menyelamatkan', 'uang', 'negara', 'mensejahterakan', 'rakyat', 'namanya', 'perubahan']",positif
"['', 'sumsel', 'palembang', 'mangkanya', 'masuk', 'anggota', 'parpol', 'pks', 'diajakin', 'senam', 'pagi', 'senam', 'malem', 'subuh', 'biar', 'otototot', 'nya', 'lemes']",netral
"['', 'amp', 'pkb', 'kampanyenya', 'lbh', 'efektif', 'menjanjikan', 'berjuang', '', 'parlemen', 'utk', 'mengkoreksi', '', '', 'menyusahkan', 'masyarakat', 'spt', '', 'ciptaker', 'dll', '', 'kewenangan', 'pemerintahan', 'biarkan', 'sbg', 'calon', 'pimpinan', 'eksekutif', '', 'menyusun', 'program', 'amp', 'janjinya']",netral
"['kasman', '', 'haji', 'kasman', 'tau', 'nama', 'lengkap', 'anis', 'anis', 'rosyid', 'baswedan', 'noto', 'negoro', 'pas']",netral
"['eka', 'gumilar', 'menghadiri', 'senam', 'sehat', 'pks', 'sumsel', 'anies', 'baswedan']",netral
"['whats', '', 'hallo', 'advice', '', '', 'selagi', 'cepatlah', 'batalkan', 'imin', 'mjd', 'bacawapres', 'amp', 'ganti', 'dgn', 'ahy', '', 'daftar', '', 'kpu', 'maju', 'sbg', 'capresantitesajkw', 'tolakprogramharamjkw', 'proyekkotaharamikn', 'insyaallah', 'menang', 'pilpres']",positif
"['anies', 'sumsel', 'palembang', 'cakeepp', 'dahmasoook', 'maang']",netral
"['', 'jgn', 'emang', 'bertugas', 'utk', 'merusak', '', 'dalamsapa', 'tauuu']",netral
"['kabar', 'jakarta', 'anies', 'sukses', 'anies', 'baswedan', 'berjuang', 'kesejahteraan', 'rakyatnya', 'aminsukses', 'aniessukses']",netral
"['', 'tenggelamkan', 'dukungpakganjarbest', '', 'the', 'best']",netral
"['', 'jual', 'bangsa', 'indonesia', 'ambisi', '', 'aset', 'amrik', '', 'gitu', 'rakyat', 'gak', 'bodoh', 'menghalal', 'menguasai', 'bangsa', 'bangsa', 'berdiri', '', 'tetesan', 'darah', 'air', 'mata', '', 'rakyat', 'tdk', 'bodoh']",netral
"['janji', 'tolong', '', 'rem', 'cak', 'kelak', 'sampean', 'tdk', 'melaksanakannya', 'bumerang', 'lihat', 'tuh', 'kampanye', 'tdk', 'janji', 'muluk', '', '', 'narasi', 'kesejahteraan', '', 'berkeadilan']",netral
"['refleksi', 'rempang', 'batam', 'anies', 'baswedan', 'pro', 'poor', 'growth', 'membangun', 'menggusur']",negatif
"['gpng', 'rakyat', 'situ', 'gak', 'setuju', 'negara', 'demokratis', 'junjung', 'capresmu', 'langit', 'injek', 'capres', 'orang', 'ayoo', 'dewasalah', 'berdemokrasi']",netral
"['', 'bola', 'dimainkan', 'bib', 'koalisi', '', 'dibentuk', 'diolengkan', 'memainkan', 'janji', 'manis', '', 'next', 'wow', '']",positif
"['', 'koyo', 'cokro', 'haenanti', 'kalo', 'gub', 'jakarta', 'suriah']",netral
"['', 'whats', '', 'hallo', 'sikapi', 'koar', 'imin', 'tsb', '', 'advice', '', '', 'batalkan', 'imin', 'mjd', 'bacawapres', 'ganti', 'dgn', 'ahy', '', 'daftar', '', 'kpu', 'utk', 'maju', 'sbg', 'capresantitesajkw', 'tolak', 'programharamjkw', 'proyekliarikn', 'insyaallah', '', 'menang', 'pilpres']",positif
"['', 'paloh', 'rakyat', 'diapakan', 'model', 'kayak', 'gitu']",netral
"['lmajang', 'dumdum', 'antek', 'pki', 'benci', 'banget', 'orang', 'lurus', 'taat', 'agamaantek', 'pki', 'demen', 'banget', 'berkawan', 'banget', 'kaum', 'munafikin']",netral
"['', 'pkb', 'bunglon', 'berganti', 'kulit', '', 'berita', 'media', 'penjelasan', '', 'didu']",netral
"['', '', 'setuju', 'janji', 'kampanye', '', 'pintu', 'aja', '', 'koalisi', 'perubahan']",netral
"['tv', 'perubahan', 'kek', 'nies', '', 'elo', 'tawarin', '', 'persatuan', 'model', 'kek', '', 'elo', 'tawarin', 'elo', 'msh', 'bergandengan', 'mesra', '', 'ormas', 'islam', 'radikal', 'anti', 'nkri']",negatif
"['', 'sumsel', 'palembang', 'iya']",netral
"['cawapres', 'koalisi', 'perubahan', 'persatuan', 'abdul', 'muhaimin', 'iskandar', 'alias', 'cak', 'imin', 'bertemu', 'bacapresnya', 'anies', 'baswedan', '', 'kantor', 'dpp', 'pkb', 'jakarta', '', 'cakimin', 'capres']",netral
"['', '', 'anies', 'calon', '']",netral
"['', 'sumsel', 'palembang', 'kesel', '', 'kadrun', 'ajar']",netral
"['', 'rakyat']",netral
"['', 'pikir', 'positifyg', 'berakal', 'sehat', 'pilih']",netral
"['mas', '', 'tanah', 'sengketa', 'diikatakan', 'tanah', 'negara', 'banyaknya', 'milik', 'bumn']",netral
"['', 'masya', 'allah', '', 'barakallah', 'anies']",netral
"['', 'krn', 'mgkn', 'kubu', 'koalisi', 'perubahan', 'butuh', 'modal', 'tambahan', 'awokwokwokwok', 'mas', 'pilihanmu', 'jgn', 'masuk', '', 'gerombolan', 'penipu']",netral
"['', 'hahaahhngelesanjaay']",netral
"['dpp', 'kalo', 'undangan', 'bemui', '', 'hadirundangan', 'sdh', 'dilayangkan', 'jgn', 'batal', 'dgn', 'alasan', 'apapun']",netral
"['cerita', 'cak', 'imin', '', 'tebu', 'ireng', 'jombang', 'dipasangkan', 'anies', 'baswedan']",netral
"['', 'goblok', 'muslim', 'menjalankan', 'kewajibannya', 'dicap', 'politik', 'identitas', 'tukang', 'bekam', 'tolol', 'kalo', 'politik', 'identitas', 'mendukung', 'diancam', 'kalo', 'mati', 'jenazahnya', 'gak', '', 'shalati', 'politik', 'identitas']",netral
"['', 'gak', 'ijin', 'gak', 'maaf']",netral
"['', 'sumsel', 'palembang', 'sarjana', 'ekonomi', 'ekonomi', 'indonesia', 'melesat', 'anies', 'presiden', '']",netral
"['', 'tau', 'indonesia', 'mengajar', 'beliau', 'mengajar', '', 'daerah', '', 'buku', '', 'jilid', 'indonesia', 'mengajar', 'nggak', 'kisah', 'beliau', 'mengajar', '', 'pelosok', '', 'buku']",netral
"['', 'ceritanya', '', 'bro']",netral
"['cak', 'imin', 'skenario', 'jegal', '', 'pkb', '']",netral
"['anies', 'baswedan', 'tanah', 'sengketa', 'diikatakan', 'tanah', 'negara', 'banyaknya', 'milik', 'bumn', 'via']",netral
"['', 'iyaa', 'anies', 'baswedan', 'top', 'bayangkan', 'kuliah', 'nya', 'nyebrang', 'benua', 'lihat', 'prestasi', 'nya', '', 'dki', 'patut', 'kebanggaan', 'dunia', 'sumur', 'resapan', 'rumah', '', '', 'oce', 'naturalisasi', 'sungai', '', 'dki', 'berhasil', 'presiden', 'usjoe', 'baiden', 'bangga']",positif
"['senam', 'sehat', 'pks', 'sumsel', 'hadirkan', 'anies', 'baswedan', 'hadir', 'sultan', 'palembang', 'ketua', 'rekat', 'eka', 'gumilar']",netral
"['', 'sumsel', 'palembang', 'pks', 'mah', 'simpatisan', 'kadernya', 'militan']",netral
"['', 'tai', 'kucing', '', 'rmh', 'dpo', '', 'sarat', '', 'ambil', 'pny', 'penghasilan', '', 'bln', 'masyarkat', 'miskin', 'jakarta', 'mna', '', '', '', 'omongn', '', '', 'pembual']",netral
"['gpng', 'kepentingan', 'rakyat']",netral
"['', 'sumsel', 'palembang', 'cawapresnya', '', 'pks']",netral
"['', 'keturunan', 'manusia', 'berguna', 'aksi', 'tiputipu', 'ambisi', 'kekuasaan', 'bunglon', 'berganti', 'kulit']",netral
"['', 'sumsel', 'palembang', 'cak', 'imin', 'gak', 'diajak', 'senam']",netral
"['lmajang', 'dumdum', 'gua', 'inget', 'antek', 'pki', 'kerjanya', 'benci', 'islam', 'adu', 'islam', '', 'fitnah', 'kerjanya']",netral
"['anies', 'baswedan', 'kunjungi', 'kantor', 'pkb', 'senin']",netral
"['', 'sumsel', 'palembang', 'momen', 'emak', 'narik', 'tangan', 'anis', '']",netral
"['', 'perubahannya', 'jualan', 'tisu', 'online']",netral
"['', 'sumsel', 'palembang', 'terhormat', 'anies', 'capres', 'idaman', 'tolong', 'kasih', 'tau', 'cak', 'imin', 'menggelontorkan', 'janji']",netral
"['nampak', 'gusar', 'ikn', 'rektor', 'mendikbud', 'phd', '', 'opini', 'ilmiah', 'luas', 'ikn', '', 'proyek', 'negara', 'ganjar', 'selow', 'tuh', 'amp']",netral
"['', 'brewok', 'emang', 'org', 'indonesia', 'asli', 'kakeknya', 'pahlawan', '', 'akui', 'orang', 'indonesia', '', 'presiden', 'konsep', 'org', 'indonesia', 'asli']",netral
"['', 'saran', 'warga', 'indonesia', 'pilih', 'anies', 'baswedan', 'kalo', 'gak', 'indonesia', 'hancur']",netral
"['anies', 'baswedan', 'bahagia', 'bersyukur', 'didukung', 'emakemak', 'sekabupaten', 'sampang']",netral
"['chotimah', 'noraklahir', 'prestasi', 'capres', 'nggak']",netral
"['program', 'anies', 'baswedan', 'kembangkan', 'potensi', 'desa', 'aniesuntukperubahan', 'desabersatu', 'aniesmasadepanindonesia', 'aniesprorakyatdesa', 'aniesuntukindonesia', 'desawisata', 'muhaimincawapres', 'aniesmuhaimin', 'caprescawapres', 'desabersatu', 'aniesbaswedan', 'aniespresiden']",netral
"['', 'anies', 'baswedan', 'tanah', 'sengketa', 'tanah', 'negara', 'milik', 'bumndan']",netral
"['', 'asmara', '', 'aje', 'kali', 'keluarga', '', 'bareng', 'den', 'okep', 'pranowo']",netral
"['', 'sumsel', 'palembang', 'urusan', 'gue', 'baikn', 'nya', 'sma', '', 'dhe', 'salah', 'koment', '', 'ente', 'kek', 'sdh', 'bingung']",netral
"['', 'sumsel', 'palembang', 'isinya', 'dedemit', '', 'akun', '', 'followers', 'rban', 'nggak', 'interaksi', '', 'followers', 'orang', '', 'beli', 'followers']",netral
"['', 'fair', 'enough', '', 'krn', 'calonnya', 'muslim', '', 'adzan', 'amp', 'baca', 'doanya', 'ketiga', 'capres', 'plus', 'msg', 'tilawah', 'ayat', 'suci', 'lbh', 'mantap', '', 'tv', 'id']",positif
"['', 'hasibuan', 'sutradaranya', 'lupa']",netral
"['', 'sdh', 'gak', 'musim', 'sebar', 'janji', 'muluk']",netral
"['janji', 'pasangan', 'presiden', 'skrg', 'capres', 'cawapres', 'visi', 'misi', 'sesuai', 'janji', 'capres', 'anies']",netral
"['', 'sumsel', 'palembang', 'ganjar', 'presiden']",netral
"['hasibuan', 'lolos', 'pendaftaran', '', 'kpu']",netral
"['', 'sumsel', 'palembang', 'pilih', 'ganjar', 'hukumnya', 'haram', 'capres', 'suka', 'nonton', 'bokep', 'negeri']",netral
"['', 'bilang', 'bilang', 'buzzerrp', 'lembaga', 'bantuan', 'hukum', '', 'lbh', '', 'jakarta', 'anies', 'baswedan', '', 'pembual', 'terbaik', '', 'rekam', 'jejak', 'anies', 'baswedan', 'sbg', 'pembual', 'terbaik', 'bukti', 'faktanya', 'presiden', '']",netral
"['', '', 'wajar', 'presiden', 'skr', 'janji', 'kartu', 'smp', 'megang', 'kartu', 'kagak']",netral
"['adjem', 'jpo', 'warna', 'warni', 'kyknya', 'bikin', 'takjub', 'pan', 'iklan', 'partainya', '', 'latar', 'jpo', 'tsb', 'dukung', '', 'manfaatkan', 'karyanya', 'unt', 'ngiklan']",netral
"['dumdum', 'kagak', 'bingung', '', 'orang', 'mabok', '', 'bingung', 'mah']",netral
"['', 'sumsel', 'palembang', 'butuh', '', 'percaya', 'njing', '', 'percaya', 'aja', 'sono', 'ama', 'tukang', 'nonton', 'bokep', 'selaliran', 'ama']",netral
"['', 'sumsel', 'palembang', 'beli', 'kismis', '', 'cimanis', 'anies', 'calon', 'pemimpin', 'agamis', 'humanis']",netral
"['', 'sumsel', 'palembang', 'yeeeess', 'tepuk', 'tangan', '', '', 'nungul']",netral
"['', 'move', '', 'onas', 'anies']",netral
"['', 'tdk', 'paham', 'senang', 'memanfaatkan', 'pinternya', 'tuk', 'membodohi', 'orang', 'dgn', '', 'terkesan', 'cerdas', 'amp', 'santun', 'asmara']",netral
"['', 'pkb', 'hukum', 'tegak', 'adil', 'keberpihakan', '', 'rakyat', 'sesuai', 'uud', 'konstistusi', 'udah']",netral
"['', 'luh', 'bilang', '', 'nih', 'capres', 'wapres', 'pilihan', 'gue']",netral
"['cnn', '', 'sosok', 'penggebrak', 'meja', '', '', 'basi', 'capres', 'cawapres', '', 'terpenting', 'suka', 'perubahan', 'bergabung', '', 'koalisi', 'perubahan', 'persatuan', '', 'orang', 'butuh', 'perubahan']",netral
"['waras', 'terima', 'kasih', 'petunjuk', 'nya', 'maksudnya', 'dipilih', '', '', '', 'siaplaksanakan', 'arahan', 'ulil', 'amri', 'indonesia', 'colek']",positif
"['', 'bener', 'bib', 'nambah', 'dosa', 'kayak', 'paham', '', 'mahsyar', 'dituntut', 'janji', '', 'berani', 'cak']",netral
"['ribuan', 'kader', 'pks', 'sumsel', 'simpul', 'relawan', 'anies', 'padati', 'benteng', 'kuto', 'besak', 'bkb', 'mengikuti', 'senam', 'sehat', 'pks', 'sumsel', 'ahad', 'pagi', '', 'kegiatan', 'dihadiri', 'anies', 'baswedan', 'didampingi', 'ketua', 'mpp', 'pks', 'suswono', 'beserta', 'jajaran', 'pimpinan', 'pks', 'pksmenanganiespresiden', 'pks']",netral
"['', 'setuju']",netral
"['', '', 'capres', 'cium', 'tangan', 'ketua', 'partai', 'bilang', 'berargumen', 'ketua', 'partai', 'pintar', 'cerdas', 'ngga', 'menguap', 'tuh', 'rekam', 'jejak', '', 'bagus', 'sedih', 'gua']",netral
"['', 'sumsel', 'palembang', 'wan', 'bacot', 'wan', 'ngibul']",netral
"['', 'sumsel', 'palembang', 'gak', 'heranbentar', 'pilpressama', '', 'dkiwaktu', 'kampanye', 'bgt', '', 'kampungkampungeeeeh', 'giliran', 'terpilih', 'nonggal', 'kagakdah', 'gtu', 'timses', '', 'gak', '', 'balas', '', 'blokir']",netral
"['', '', 'sejahteralah', 'negri', 'kelak', 'kau', 'memimpin', 'aamiin']",netral
"['', 'kasihan', 'yaa', 'saking', 'gampangnya', 'dibodohi', 'sampe', 'kayak']",netral
"['', 'anies', 'anies', 'move']",netral
"['', 'sumsel', 'palembang', 'inget', 'wawancara', 'bapa', 'mata', 'najwa', 'deh']",netral
"['', 'sumsel', 'palembang', 'takut', 'pks', 'baper', '', 'krn', 'gak', 'dianggap', '', '']",netral
"['', '', 'bikin', 'ciut', 'org']",netral
"['', 'saverempangbatam', 'sumateramerdeka']",netral
"['', 'asmara', 'munafikkalian', 'muka', 'bokep']",netral
"['', 'sumsel', 'palembang', 'akalan', 'doang']",netral
"['survei', 'polling', 'institute', 'tren', 'dominasi', 'prabowo', 'kuat', 'ganjarpranowo', 'aniesbaswedan', 'prabowosubianto']",netral
"['', '', 'perilaku', 'pendukung', 'mewakili', 'sifat', 'didukung', 'mudahan', 'sifat', 'manusia', 'mewakili', 'sifat', '', '', 'colek', 'waras', 'asmara', 'didu', '', 'idha']",netral
"['', '', 'anies', 'sang', 'pengkhianat', 'udh', 'kehilangan', '', 'suara', '', 'keluarga', 'besarku', 'dah', 'gitu', 'aja']",netral
"['', '', 'ngmongin', 'boss', 'coba', 'share', 'pencapaian', 'anies', 'pas', 'jdi', 'gubernur', 'jakarta']",positif
"['', '', 'pendukung', '', 'senang', 'desa', 'dana', '', 'hihihi']",netral
"['', 'iki', '', 'bayar', 'piro', 'aktinge', 'koq', 'wagu', 'ngguyune', 'kesesu', 'tulus', 'nis']",netral
"['tuh', 'tandanya', 'orang', 'sholeh', '', 'nggak']",netral
"['', 'sumsel', 'palembang', 'klu', 'bohongi', 'demokrat', '', 'sehat', 'namanya']",netral
"['', 'sumsel', 'palembang', 'leres', 'panjenengan', 'tamba', 'sehat', '', 'kancane', '', 'dipikir', '', 'mas']",negatif
"['asmara', '', 'jawa', 'timur', 'jawa', '', 'hancur', 'suaranya', 'sayangnya', '', 'mimin', '', '', 'derah', '', 'sukai']",netral
"['idn', 'ri', 'relawan', 'donor', 'darah', '', 'undang', 'presiden', 'terima', 'penghargaan', 'dds', '', 'wae', 'hrs', 'bikin', 'skck', 'capresx', '', 'hrs', '', 'surat', 'bersih', '', 'kpk', '', '', 'knp', 'bekas', 'napi', '']",netral
"['', 'suara', 'semangat', 'kak', 'andra', 'insyaallah', 'membawamemberikan', 'simpati', '', 'seluruhan', 'masyarakat', 'palembang', '', 'mengharap', 'perubahan', 'perbaikan', 'bangsa', '', 'negara', 'capres', 'anies', 'koalisi', 'partai', 'kpp', 'pks', 'pkb', 'nasdem']",netral
"['', 'sumsel', 'palembang', 'sayang', 'banget', 'diskotek', '']",netral
"['didu', 'pkb', 'bangga', 'partai', 'kiri', 'ideologi', 'pancasilanya', 'dibanding', 'narasi', 'bau', 'sebarkan', 'jijik']",netral
"['', 'sumsel', 'palembang', 'terimakasih']",netral
"['', 'ust', 'kayaknya', '', 'evaluasi', 'deh', '', 'cawapres', 'inibakal', 'kejutan', 'deh']",netral
"['', 'ri', 'bp', 'telkomsel', 'akses', 'sms', '', '', '', '', 'bayi', 'tabung', 'maria', 'selena', 'payudara', 'gludukan', 'anie', 'rahmi', 'tete', 'dieumeukdieumeuk', 'diam', 'luh', 'memek', 'dientotentotin', 'diam', 'luh', 'regulasi', 'bronchitis', 'azahra']",netral
"['', 'tai', '', 'dkiaja', '', 'becuskok', '', 'sok', 'mbacottuntaskan', 'ketimpangan']",positif
"['', 'tolong', 'diperhatikan']",netral
"['bismillahirrahmanirrahim', '', 'gus', 'menang', 'amin', 'amin', 'amin', 'allahumma', 'amin', '', '', 'aniescak', 'imin', 'peluang', 'menang', '', 'tapal', 'kuda', 'madura']",netral
"['', 'andika', 'pkb', 'anakkolong', 'nakula', 'faktor', 'capresnya', 'menentukandulu', 'capresnya', 'sby', '', 'terima', '', 'kalangan', 'berhadapan', '', 'capres', 'megawati', 'amp', 'wirantoyg', 'tdk', '', 'terima', '', 'kalangan', 'capresnya', 'anies', 'baswedan', 'representasi', 'sby', '', 'perkuat', 'cak', 'imin', 'representasi', 'kader']",netral
"['bismillah', '', '', '', '', 'kunjungan', '', 'rempang', 'galang', 'batam']",netral
"['', 'duittttnya', 'dariii', 'manaaaaaaaaaaaaa']",netral
"['', 'taitai', 'gurbernur', 'aja', 'warga', 'miskin', 'bertambahkok', 'tolol', 'luh']",netral
"['', 'semoga', 'berkah', 'silaturahminya']",netral
"['', 'pkb', 'iri', 'bilang', 'bos', 'paniklah', 'insya', 'allah', 'anies', 'presiden', 'ri', 'kerusakan', '', 'ditimbulkan', 'rezim', 'jokowi', 'danatas', 'kebobrokan', 'menterinya', 'diperbaiki', 'memajukan', 'bangsa', 'rakyat', 'indonesia', 'salam', 'perubahan']",netral
"['asmara', 'janji', 'kampanye', 'amp', 'pkb', 'pembenahan', '', '', 'berpihak', 'rakyat', 'amp', '', 'menyusahkan', 'rakyat', 'kekuatannya', '', 'sisi', 'legislatif', 'biarkan', '', 'menyusun', 'sisi', 'eksekutif', 'pemerintahan']",netral
"['', 'the', 'real', 'politik', 'identitas', 'pengadu', 'domba', 'umat', 'beragama', 'pengadu', 'domba', 'bangsa']",netral
"['', 'buta', 'huruf', 'kau', 'iwdiot']",netral
"['', 'sumsel', 'palembang', 'senam', 'sdh', 'digalakan', 'jaman', 'harto', '', 'senam', 'kesegaran', 'jasmani', 'skj', 'pesertanya', 'laki', 'perempuan', '', 'ngebully', 'tolong', 'cerdaskan', '']",netral
"['', 'sop', 'bawaslu', '', '', 'anies', 'baswedan']",netral
"['dumdum', 'sadar']",netral
"['', 'bodohnya']",negatif
"['tim', 'koalisi', 'perubahan', 'persatuan', 'pemilihan', 'muhaimin', 'iskandar', 'bacawapres', 'anies', 'baswedan', 'mengubah', 'suara', 'pemilih', 'kalangan', 'nahdlatul', 'ulama']",netral
"['', 'lahir', 'aktivis', '', 'sdh', 'kenyang', 'dgn', 'pergolakan', 'pemikiran', 'perlawanan', 'trhadp', 'orde', 'kawahcandradimuka', 'pemimpin', 'otentik', 'lahir', '', 'dinasti', 'politik', 'aminindonesialebihbaik']",netral
"['', 'dumdum', 'rekam', 'jejak', 'anis', 'basewedan', 'sapa', 'pilih', 'prabowo', '', 'demokrat', 'aja', '', 'bodoh', 'bodohin', 'klo', 'mimpin', 'indonesia', '', 'rakyat', 'indonesia', 'dibodohi', 'abah', 'aos', 'imam', 'mahdi', 'nauzubillahminzalik', 'indonesia', 'dipimpin', 'orang']",netral
"['', 'prabowo', '', 'menang']",netral
"['', 'poltas', 'politik', 'identitas', 'sematan', 'poltas', 'khusus', '', 'bebas']",netral
"['', 'sumsel', 'palembang', 'gue', 'sih', 'kagak']",netral
"['', '', 'anies', 'baswedan', '', 'phd', 'butuh', '', 'periode', 'serius', 'tenang', 'tuntas', 'berkolaborasi', 'stakeholder', 'sdm', 'lokal', 'bangsa', 'membangun', 'jakarta', '', 'giliran', 'orang', 'pintar', 'presiden', 'indonesia', '', 'aniespresiden', 'aniesmuhaimin', 'aniesmenunjukkan']",netral
"['', 'sumsel', 'palembang', 'anies', 'calon', 'pemimpin', 'sejati', '', 'calon', 'pemimpin', 'pencitraan', 'beda', 'emas', '', 'karat', 'emas', 'imitasi']",netral
"['sir', 'klu', 'istigotsah', 'doa', 'hujan', 'biar', 'rakyat', 'menikmati', 'klu', 'allah', 'swt', 'mengabulkan']",negatif
"['anies', 'baswedan', 'pemimpin', 'berusaha', 'merangkul', 'kalangan', 'membedabedakan', 'anies', 'sukses', 'dah', 'aminsukses', 'aniessukses']",netral
"['', 'sumsel', 'palembang', 'akun', 'kutil', 'piaraan', 'wan', 'aibon']",netral
"['kiprah', 'anies', 'baswedan', 'mantan', 'gubernur', 'jakarta', 'betapa', 'anies', 'sukses', 'gigih', 'menghadapi', 'tantangan', 'aminsukses', 'aniessukses']",netral
"['', 'sumsel', 'palembang', '', 'kyknya', 'bnyak', 'org', 'pkb', '', 'suka', 'pks', 'pandangannya', 'gmn', 'tuh']",netral
"['', 'sumsel', 'palembang', 'percaya', '', 'percaya', 'silahkan', 'anies', 'terbukti', 'tuntut']",netral
"['', 'proyek', 'monorail', 'mangkrak', 'dimatikan', 'btp', 'kaum', 'buzzer', '', 'nasi', 'bungkus', 'menyalahkan']",netral
"['anies', 'sukses', 'deh', 'jakarta', 'sibuk', 'inovasiinovasi', 'canggih', 'anies', 'baswedan', 'bikin', 'hidup', 'keren', 'aminsukses', 'aniessukses']",netral
"['lahanx', 'sumsel', 'palembang', '', 'benci']",netral
"['', 'sumsel', 'palembang', 'urus', 'aja', 'akun', '', '', 'isinya', 'dedemit', 'alias', 'nol']",netral
"['', 'bagus', 'mus', 'gitu', 'waras', 'ngomongin']",netral
"['', 'dirukyah', 'kayanya', 'hati', '', 'mindsetnya', 'terbawa', 'kwalisi', 'dipemerintahan', 'moga', 'lambat', 'laun', 'brubah', 'klo', 'diwawancarai', '', 'dakdikduk', 'nampaknya', 'literasinya', 'kliatan', 'jomplang', 'meja', 'dgn', 'anis']",netral
"['anies', 'baswedan', 'sosok', 'penuh', 'solusi', 'suwerrr', 'deh', 'pokoknya', 'anies', 'sukses', 'banget', 'aminsukses', 'aniessukses']",netral
"['', 'sumsel', 'palembang', 'perjuangan', 'keadilan', 'kesejahteraan', 'rakyat', 'indonesia']",netral
"['dumdum', 'pks', 'gak', 'disepelekan', 'gimana', 'sih', 'nih']",netral
"['', 'ngomong', 'senyum']",netral
"['', 'pkb', 'barang', 'hatinya', 'nyaman', 'amp', 'senang', 'dikala', 'memamerkan', 'ibadahnya', 'dgn', 'niat', 'menarik', 'simpati', 'orang', 'nerakalah', 'baginya', 'krn', 'dihati', 'org', 'seprti', 'mencintai', 'dunia', 'hubbud', 'dunya', 'amp', 'menghalalkan', 'dunia', 'jabatanharta', 'dll', 'amp', 'tdk', 'amanah']",netral
"['dumdum', 'gimana', 'pks', 'partai', 'gabg', 'solid', 'berbasis', 'massa', 'sih', 'disepelekan']",netral
"['', 'dumdum', 'tukang', 'melet', 'bang']",netral
